instrument,time_s,count_rate,error
pn,0.0,0.024023935,0.010623044
pn,500.0,0.026127154,0.011188909
pn,1000.0,0.019420486,0.0100684585
pn,1500.0,0.030275775,0.011791762
pn,2000.0,0.018779624,0.00998045
pn,2500.0,0.041688602,0.013709308
pn,3000.0,0.02911125,0.011799774
pn,3500.0,0.04020271,0.01473313
pn,4000.0,0.038345676,0.012746255
pn,4500.0,0.004419715,0.0072275326
pn,5000.0,0.029393159,0.01172376
pn,5500.0,0.030136565,0.011737831
pn,6000.0,0.019376053,0.0100455955
pn,6500.0,0.024672477,0.011276359
pn,7000.0,0.033599403,0.012234986
pn,7500.0,0.026684059,0.011225995
pn,8000.0,0.011894047,0.008743107
pn,8500.0,0.03355559,0.012897775
pn,9000.0,0.0041628242,0.0071965987
pn,9500.0,0.029104993,0.01179734
pn,10000.0,0.018390266,0.010020923
pn,10500.0,0.0272485,0.011263335
pn,11000.0,0.010033449,0.008015124
pn,11500.0,0.013177885,0.008660198
pn,12000.0,0.0037033884,0.0072099622
pn,12500.0,0.018084764,0.009983158
pn,13000.0,0.011629101,0.008719023
pn,13500.0,0.025684355,0.011304308
pn,14000.0,0.01952335,0.010728817
pn,14500.0,0.032382768,0.011696036
pn,15000.0,0.05343303,0.014939915
pn,15500.0,0.017697133,0.009384572
pn,16000.0,0.010713069,0.007991579
pn,16500.0,0.02759742,0.01121099
pn,17000.0,0.008590498,0.007984112
pn,17500.0,0.022876551,0.010635613
pn,18000.0,0.031662416,0.011691421
pn,18500.0,0.021081416,0.010797175
pn,19000.0,0.025103776,0.011255737
pn,19500.0,0.04469473,0.0136179635
pn,20000.0,0.023570862,0.010630724
pn,20500.0,0.047599293,0.014603826
pn,21000.0,0.020778835,0.010645615
pn,21500.0,0.018488823,0.010074527
pn,22000.0,0.028820544,0.0117766475
pn,22500.0,0.020265369,0.0100204395
pn,23000.0,0.018946243,0.010066363
pn,23500.0,0.029240098,0.011757381
pn,24000.0,0.020635817,0.010085771
pn,24500.0,0.004162948,0.0071980115
pn,25000.0,0.017858759,0.010117622
pn,25500.0,0.019197028,0.010075296
pn,26000.0,0.010677817,0.008911144
pn,26500.0,0.025802175,0.011252917
pn,27000.0,0.030747823,0.011791006
pn,27500.0,0.012087587,0.00871339
pn,28000.0,0.026497725,0.01179395
pn,28500.0,0.012154996,0.008762765
pn,29000.0,0.011641405,0.008729802
pn,29500.0,0.028556388,0.011767178
pn,30000.0,0.022311606,0.010703031
pn,30500.0,0.0072163003,0.008012371
pn,31000.0,0.029583994,0.011706111
pn,31500.0,0.031391963,0.01229171
pn,32000.0,0.022246767,0.010672
pn,32500.0,0.02185334,0.009990844
pn,33000.0,0.05241976,0.014494926
pn,33500.0,0.031716112,0.012325241
pn,34000.0,0.028663198,0.011713885
pn,34500.0,0.018223844,0.01065739
pn,35000.0,0.016608544,0.009434822
pn,35500.0,0.028795546,0.011768141
pn,36000.0,0.021439094,0.01062308
pn,36500.0,0.028051497,0.011853491
pn,37000.0,0.011723882,0.008790014
pn,37500.0,0.00836601,0.008939493
pn,38000.0,0.023288764,0.0106091965
pn,38500.0,0.025332818,0.011254397
pn,39000.0,0.022407468,0.010636142
pn,39500.0,0.03914897,0.013263745
pn,40000.0,0.0013429826,0.0062952405
pn,40500.0,0.029227193,0.011752449
pn,41000.0,0.029640777,0.011821627
pn,41500.0,0.012355745,0.008736964
pn,42000.0,0.00836163,0.007989801
pn,42500.0,0.0171397,0.009338253
pn,43000.0,0.02861558,0.011887578
pn,43500.0,0.016003402,0.010136813
pn,44000.0,0.03875639,0.01280421
pn,44500.0,0.025302121,0.01066292
pn,45000.0,0.022321027,0.010707196
pn,45500.0,0.033426743,0.012257499
pn,46000.0,0.036426563,0.012818567
pn,46500.0,0.02114286,0.010709214
pn,47000.0,0.015375034,0.0094007
pn,47500.0,0.0050947117,0.0071965144
pn,48000.0,0.02270341,0.010663919
pn,48500.0,0.015542523,0.010142583
pn,49000.0,0.021325797,0.0106840385
pn,49500.0,0.01025345,0.008741812
pn,50000.0,0.028860673,0.0112433685
pn,50500.0,0.027011007,0.011263132
pn,51000.0,0.035101574,0.012768701
pn,51500.0,0.011702893,0.008024812
pn,52000.0,0.049050916,0.014171534
pn,52500.0,0.019308401,0.010133846
pn,53000.0,0.017170038,0.010128904
pn,53500.0,0.012106543,0.008726855
pn,54000.0,0.023816887,0.011207109
pn,54500.0,0.021221235,0.0100254705
pn,55000.0,0.042083245,0.013144053
pn,55500.0,0.009506747,0.007969516
pn,56000.0,0.031020718,0.01171497
pn,56500.0,0.021232516,0.0106364265
pn,57000.0,0.028291916,0.011755022
pn,57500.0,0.021841137,0.010705676
pn,58000.0,0.025822379,0.01126191
pn,58500.0,0.010427807,0.007957131
pn,59000.0,0.033299413,0.012298792
pn,59500.0,0.042540733,0.013757664
pn,60000.0,0.00044114652,0.0064343875
pn,60500.0,0.021419529,0.010730267
pn,61000.0,0.019844208,0.010646559
pn,61500.0,0.023663128,0.01124552
pn,62000.0,0.025548557,0.011246134
pn,62500.0,0.04828227,0.014224481
pn,63000.0,0.037921656,0.012683921
pn,63500.0,0.02268855,0.010658406
pn,64000.0,0.011214902,0.008016191
pn,64500.0,0.018792504,0.01011155
pn,65000.0,0.021632696,0.010715628
pn,65500.0,0.019451259,0.010083332
pn,66000.0,0.012570638,0.00872323
pn,66500.0,0.014043428,0.008761383
pn,67000.0,0.013008975,0.008703382
pn,67500.0,0.04004397,0.013246379
pn,68000.0,0.018074438,0.01010672
pn,68500.0,0.019313999,0.010014012
pn,69000.0,0.01893334,0.0107946005
pn,69500.0,0.010501254,0.008751475
pn,70000.0,0.031673897,0.012309145
pn,70500.0,0.033616453,0.012240695
pn,71000.0,0.009325908,0.008015737
pn,71500.0,0.012782845,0.008708359
pn,72000.0,0.010808795,0.008813389
pn,72500.0,0.023524344,0.010715481
pn,73000.0,0.022046447,0.010577467
pn,73500.0,0.036936857,0.012749103
pn,74000.0,0.030993829,0.011794613
pn,74500.0,0.042284988,0.013280662
pn,75000.0,0.03212452,0.012299875
pn,75500.0,0.021747941,0.01065937
pn,76000.0,0.012498275,0.009982985
pn,76500.0,0.028560298,0.011219186
pn,77000.0,0.005483012,0.0077465563
mos1,0.0,0.010285949,0.0062756757
mos1,500.0,0.010918585,0.0062320894
mos1,1000.0,0.005207143,0.0048499033
mos1,1500.0,0.010574245,0.0062367897
mos1,2000.0,0.005897899,0.0048396806
mos1,2500.0,0.009011727,0.0055707977
mos1,3000.0,0.008839686,0.0055735284
mos1,3500.0,0.0050373496,0.0048551583
mos1,4000.0,0.0027834892,0.003975393
mos1,4500.0,0.010573462,0.006236328
mos1,5000.0,-0.0013770205,0.00048685024
mos1,5500.0,0.0029556986,0.0039718105
mos1,6000.0,0.00070350035,0.002832679
mos1,6500.0,0.0033005695,0.003965132
mos1,7000.0,0.006242214,0.0048335646
mos1,7500.0,0.009525448,0.005561212
mos1,8000.0,0.014894616,0.0068053156
mos1,8500.0,0.005896983,0.004838929
mos1,9000.0,0.012292264,0.006211363
mos1,9500.0,-0.0005013685,0.002868352
mos1,10000.0,0.0043315305,0.003940926
mos1,10500.0,0.0107507855,0.006236976
mos1,11000.0,0.0007034141,0.002832332
mos1,11500.0,0.0027849167,0.0039774315
mos1,12000.0,0.005897146,0.0048390627
mos1,12500.0,0.019914726,0.007856626
mos1,13000.0,0.011948622,0.006216397
mos1,13500.0,0.0010478129,0.0028222767
mos1,14000.0,0.005380585,0.004848078
mos1,14500.0,0.008325641,0.0055831233
mos1,15000.0,0.0093533825,0.005563898
mos1,15500.0,0.012463732,0.0062086745
mos1,16000.0,0.004506111,0.003939365
mos1,16500.0,0.0031283747,0.0039688004
mos1,17000.0,0.008321206,0.005580149
mos1,17500.0,0.002439519,0.0039832178
mos1,18000.0,0.009527112,0.005562184
mos1,18500.0,0.0039881864,0.003949214
mos1,19000.0,0.025109205,0.008782088
mos1,19500.0,0.009524784,0.0055608246
mos1,20000.0,0.013687522,0.0068195267
mos1,20500.0,0.009009782,0.0055695954
mos1,21000.0,0.01195134,0.0062178113
mos1,21500.0,0.016115598,0.0073658014
mos1,22000.0,0.002611707,0.0039796033
mos1,22500.0,0.009010052,0.005569762
mos1,23000.0,0.0057244343,0.0048416294
mos1,23500.0,0.0091836825,0.005568017
mos1,24000.0,0.006628669,0.0049918857
mos1,24500.0,0.003471282,0.0039597624
mos1,25000.0,0.014377108,0.006811345
mos1,25500.0,0.0019234966,0.003995049
mos1,26000.0,0.013687038,0.0068192855
mos1,26500.0,0.014375379,0.006810526
mos1,27000.0,0.0005313997,0.0028381243
mos1,27500.0,0.0038161543,0.0039530336
mos1,28000.0,0.002956939,0.003973477
mos1,28500.0,0.0033009117,0.003965543
mos1,29000.0,0.0131710665,0.0068259994
mos1,29500.0,0.0026118143,0.0039797667
mos1,30000.0,0.006413675,0.004829979
mos1,30500.0,0.010041486,0.005553065
mos1,31000.0,0.0020954984,0.0039910595
mos1,31500.0,0.0026119878,0.0039800312
mos1,32000.0,0.007981524,0.0055886386
mos1,32500.0,0.0058971415,0.004839059
mos1,33000.0,0.0055552856,0.004847272
mos1,33500.0,0.00417646,0.004870272
mos1,34000.0,0.005897477,0.004839334
mos1,34500.0,0.0005312223,0.0028371771
mos1,35000.0,0.006758867,0.0048245033
mos1,35500.0,0.005035092,0.0048529822
mos1,36000.0,0.00035920288,0.0028430107
mos1,36500.0,0.0065871673,0.0048279082
mos1,37000.0,-0.0025823307,0.00066675496
mos1,37500.0,0.011264961,0.0062285084
mos1,38000.0,0.008322383,0.0055809384
mos1,38500.0,0.011954954,0.0062196916
mos1,39000.0,0.008322943,0.0055813137
mos1,39500.0,0.0033006703,0.003965253
mos1,40000.0,-0.00326977,0.0007501367
mos1,40500.0,0.01143576,0.006225389
mos1,41000.0,0.0031287652,0.0039692954
mos1,41500.0,0.0084936535,0.0055777133
mos1,42000.0,0.0019082676,0.0027954958
mos1,42500.0,0.015069361,0.0068043084
mos1,43000.0,0.015410177,0.0067983866
mos1,43500.0,0.006412306,0.004828948
mos1,44000.0,0.0036453125,0.0039581493
mos1,44500.0,0.0065876427,0.0048282566
mos1,45000.0,0.00658658,0.0048274775
mos1,45500.0,-0.0032701776,0.0007502302
mos1,46000.0,0.008667231,0.0055759936
mos1,46500.0,0.00070341874,0.0028323508
mos1,47000.0,0.0038173161,0.0039542373
mos1,47500.0,0.015067631,0.006803528
mos1,48000.0,0.006414615,0.004830687
mos1,48500.0,0.016968805,0.0073524406
mos1,49000.0,0.0013923156,0.0028121804
mos1,49500.0,0.006241896,0.0048333188
mos1,50000.0,-0.00086068176,0.0003849086
mos1,50500.0,0.006414339,0.004830479
mos1,51000.0,0.00070345943,0.0028325145
mos1,51500.0,0.0027840592,0.0039762068
mos1,52000.0,0.0064121415,0.004828824
mos1,52500.0,-0.0010330544,0.0004217427
mos1,53000.0,0.010919761,0.006232761
mos1,53500.0,0.0060695666,0.0048362333
mos1,54000.0,0.0064152717,0.004831182
mos1,54500.0,0.0031286282,0.0039691217
mos1,55000.0,0.009183911,0.005568155
mos1,55500.0,0.004693451,0.0048616882
mos1,56000.0,0.0029563766,0.0039727213
mos1,56500.0,0.0029569168,0.0039734473
mos1,57000.0,0.0007035776,0.0028329901
mos1,57500.0,0.012473764,0.006213672
mos1,58000.0,0.00555439,0.0048464905
mos1,58500.0,0.014203763,0.0068129413
mos1,59000.0,0.00070328027,0.002831793
mos1,59500.0,0.0029556707,0.0039717727
mos1,60000.0,0.0062424056,0.004833713
mos1,60500.0,0.011952886,0.006218616
mos1,61000.0,0.0031281933,0.00396857
mos1,61500.0,0.009356605,0.005565814
mos1,62000.0,0.0055536525,0.004845847
mos1,62500.0,-0.00103279,0.0004216348
mos1,63000.0,0.00035931088,0.0028438657
mos1,63500.0,0.002784325,0.0039765863
mos1,64000.0,0.010216656,0.005552067
mos1,64500.0,1.4934618e-05,0.002853789
mos1,65000.0,-0.0015495048,0.0005165016
mos1,65500.0,0.0005313403,0.0028378074
mos1,66000.0,0.011949244,0.006216721
mos1,66500.0,0.006070066,0.004836631
mos1,67000.0,0.011437906,0.006226557
mos1,67500.0,0.0012201105,0.0028173707
mos1,68000.0,0.0074463706,0.004811479
mos1,68500.0,0.0007033809,0.0028321983
mos1,69000.0,0.00018710527,0.0028487882
mos1,69500.0,0.003645566,0.0039584246
mos1,70000.0,0.015065057,0.0068023656
mos1,70500.0,0.015241311,0.006802027
mos1,71000.0,0.0058986046,0.0048402594
mos1,71500.0,0.011263086,0.006227472
mos1,72000.0,0.012127487,0.00621749
mos1,72500.0,0.014722691,0.006807597
mos1,73000.0,0.0069294255,0.0048203203
mos1,73500.0,0.0060718046,0.004838017
mos1,74000.0,-0.0001572213,0.002858944
mos1,74500.0,0.0058968505,0.00483882
mos1,75000.0,0.0027850901,0.003977679
mos1,75500.0,0.00070371636,0.0028335492
mos1,76000.0,0.007807642,0.005590096
mos1,76500.0,0.000703769,0.0028337608
mos1,77000.0,0.00070344005,0.0028324365
mos1,77500.0,0.0065864064,0.0048273504
mos1,78000.0,0.0104025025,0.0062393933
mos1,78500.0,0.0027842186,0.0039764345
mos1,79000.0,0.009015518,0.0055731414
mos1,79500.0,0.011606935,0.006222492
mos1,80000.0,0.00053118926,0.0028370009
mos1,80500.0,0.002611808,0.0039797574
mos1,81000.0,0.009525748,0.0055613876
mos1,81500.0,0.008167662,0.011965128
mos2,0.0,0.0056904294,0.0054158974
mos2,500.0,0.0008243727,0.0031427287
mos2,1000.0,0.0048368704,0.004376665
mos2,1500.0,0.004086449,0.004392416
mos2,2000.0,0.017132256,0.007546349
mos2,2500.0,0.006226605,0.0053806934
mos2,3000.0,0.002586786,0.0044252477
mos2,3500.0,0.004272433,0.004386829
mos2,4000.0,0.00427311,0.004387524
mos2,4500.0,0.0089235855,0.00620089
mos2,5000.0,0.0031489232,0.004412527
mos2,5500.0,0.0006369631,0.0031489623
mos2,6000.0,0.006597652,0.005370733
mos2,6500.0,0.0033365467,0.0044086627
mos2,7000.0,0.010987527,0.0061701927
mos2,7500.0,-0.0022505445,0.0006496762
mos2,8000.0,0.009111901,0.0061985822
mos2,8500.0,0.0035236818,0.0044041704
mos2,9000.0,0.006411655,0.005375266
mos2,9500.0,0.0100474525,0.0061830147
mos2,10000.0,0.019460462,0.008158801
mos2,10500.0,0.006223114,0.005377677
mos2,11000.0,0.010232255,0.0061785346
mos2,11500.0,0.00716165,0.0053620227
mos2,12000.0,0.01274636,0.0069100233
mos2,12500.0,0.012748263,0.0069110547
mos2,13000.0,0.0035248715,0.0044056573
mos2,13500.0,0.015822219,0.0075637978
mos2,14000.0,0.005848376,0.0053844815
mos2,14500.0,0.0029608237,0.0044156634
mos2,15000.0,-0.0018747983,0.0005928633
mos2,15500.0,0.015637513,0.007567486
mos2,16000.0,0.009485148,0.0061916905
mos2,16500.0,0.0075338604,0.005353419
mos2,17000.0,0.010047574,0.006183089
mos2,17500.0,0.0011992342,0.003130949
mos2,18000.0,-0.001500133,0.0005303771
mos2,18500.0,-0.0026249497,0.0007015473
mos2,19000.0,0.00967267,0.0061888536
mos2,19500.0,0.009672147,0.0061885193
mos2,20000.0,0.012937448,0.0069093923
mos2,20500.0,0.0069729933,0.005364443
mos2,21000.0,0.001386892,0.0031256725
mos2,21500.0,0.015448372,0.0075690337
mos2,22000.0,-0.0028126072,0.00072621205
mos2,22500.0,0.0156372,0.007567334
mos2,23000.0,0.006974982,0.005365973
mos2,23500.0,0.0069734976,0.0053648306
mos2,24000.0,0.01328252,0.007093682
mos2,24500.0,0.0040857615,0.0043916777
mos2,25000.0,0.0071611977,0.005361684
mos2,25500.0,0.0037109565,0.0043998915
mos2,26000.0,0.0004491908,0.0031531795
mos2,26500.0,-0.0029998282,0.00074995705
mos2,27000.0,0.0022115908,0.0044330577
mos2,27500.0,0.009671147,0.006187879
mos2,28000.0,0.007158857,0.0053599314
mos2,28500.0,-0.0013127419,0.0004961698
mos2,29000.0,0.006786983,0.0053689056
mos2,29500.0,0.009485241,0.006191751
mos2,30000.0,0.013502564,0.006903
mos2,30500.0,0.006409967,0.005373851
mos2,31000.0,0.013684874,0.006897789
mos2,31500.0,0.003710468,0.004399312
mos2,32000.0,0.002961168,0.004416177
mos2,32500.0,0.004086956,0.0043929615
mos2,33000.0,0.006597619,0.005370706
mos2,33500.0,0.0015745265,0.0031202568
mos2,34000.0,0.0062235966,0.0053780936
mos2,34500.0,0.009861657,0.0061869347
mos2,35000.0,0.004648394,0.0043797963
mos2,35500.0,0.00063667493,0.0031475378
mos2,36000.0,0.009858622,0.0061850306
mos2,36500.0,0.0038993065,0.0043968493
mos2,37000.0,0.008472392,0.0053377287
mos2,37500.0,-0.0015002391,0.00053041463
mos2,38000.0,0.006973087,0.005364515
mos2,38500.0,-0.0016885811,0.00056286034
mos2,39000.0,-0.00030086315,0.0031761052
mos2,39500.0,0.012938193,0.00690979
mos2,40000.0,0.0037113123,0.0044003134
mos2,40500.0,0.019271608,0.008160397
mos2,41000.0,0.0011995181,0.0031316904
mos2,41500.0,0.006222734,0.0053773485
mos2,42000.0,0.0025859429,0.0044238055
mos2,42500.0,0.0025860074,0.004423916
mos2,43000.0,0.006222641,0.005377268
mos2,43500.0,0.0035244029,0.0044050715
mos2,44000.0,0.012560317,0.006913372
mos2,44500.0,0.011814351,0.0069259666
mos2,45000.0,0.015453796,0.0075716907
mos2,45500.0,0.010235999,0.0061807954
mos2,46000.0,0.00464658,0.004378088
mos2,46500.0,0.013124023,0.0069063287
mos2,47000.0,0.0035243963,0.0044050636
mos2,47500.0,0.0046489956,0.0043803635
mos2,48000.0,0.0012310625,0.0032140461
mos2,48500.0,0.0010117426,0.003136602
mos2,49000.0,0.0017623611,0.0031151383
mos2,49500.0,0.0044617797,0.004384679
mos2,50000.0,0.0047244043,0.005405387
mos2,50500.0,0.0060365046,0.005381753
mos2,51000.0,0.01601045,0.007561806
mos2,51500.0,0.009296812,0.006193984
mos2,52000.0,0.010049738,0.0061844215
mos2,52500.0,0.00044919108,0.0031531819
mos2,53000.0,0.00026181017,0.0031601512
mos2,53500.0,0.0040862937,0.0043922495
mos2,54000.0,0.0065982086,0.005371186
mos2,54500.0,0.01656938,0.007553155
mos2,55000.0,0.004274145,0.0043885866
mos2,55500.0,0.0067862542,0.005368329
mos2,56000.0,0.009486498,0.006192572
mos2,56500.0,-0.002109625,0.00070320826
mos2,57000.0,0.009674154,0.0061898036
mos2,57500.0,0.0071621267,0.00536238
mos2,58000.0,0.00044924155,0.003153536
mos2,58500.0,0.009857191,0.0061841323
mos2,59000.0,0.011997173,0.0069206734
mos2,59500.0,0.010612949,0.0061762007
mos2,60000.0,-0.0024385208,0.000676324
mos2,60500.0,0.00659821,0.005371187
mos2,61000.0,0.0056604366,0.0053873514
mos2,61500.0,0.0038991824,0.0043967096
mos2,62000.0,0.010046766,0.0061825924
mos2,62500.0,0.009484554,0.0061913026
mos2,63000.0,0.009110759,0.0061978055
mos2,63500.0,0.016012138,0.007562604
mos2,64000.0,0.0065977075,0.005370778
mos2,64500.0,-0.0022505252,0.00064967066
mos2,65000.0,0.0069730747,0.0053645056
mos2,65500.0,0.0048369486,0.0043767355
mos2,66000.0,0.008922596,0.0062002027
mos2,66500.0,0.002774135,0.0044209277
mos2,67000.0,0.007912283,0.0053492053
mos2,67500.0,0.006972862,0.005364342
mos2,68000.0,0.010985805,0.006169226
mos2,68500.0,0.0093009425,0.0061967354
mos2,69000.0,0.008099282,0.005345552
mos2,69500.0,0.0011994253,0.0031314478
mos2,70000.0,0.015072622,0.007573341
mos2,70500.0,0.0037121375,0.0044012917
mos2,71000.0,0.0011992585,0.0031310124
mos2,71500.0,0.009862927,0.006187731
mos2,72000.0,0.010987183,0.00617
mos2,72500.0,0.009111536,0.006198334
mos2,73000.0,0.01005063,0.0061849705
mos2,73500.0,0.006786441,0.005368477
mos2,74000.0,0.002773917,0.004420581
mos2,74500.0,0.00986314,0.006187865
mos2,75000.0,0.0035237514,0.004404257
mos2,75500.0,0.016202515,0.0075615956
mos2,76000.0,0.016010022,0.007561604
mos2,76500.0,-0.0016877974,0.0005625991
mos2,77000.0,0.0010116536,0.0031363259
mos2,77500.0,0.0075361715,0.0053550615
mos2,78000.0,0.008735029,0.006203002
mos2,78500.0,0.0058463467,0.0053826133
mos2,79000.0,0.011360251,0.006163195
mos2,79500.0,0.010424888,0.006178754
mos2,80000.0,0.014247628,0.006890233
mos2,80500.0,0.00930204,0.0061974665
mos2,81000.0,0.01731911,0.0075437394
mos2,81500.0,-0.0018342584,0.0012970166
